Starters,Season
LeBron James\jamesle01,2010
Dwyane Wade\wadedw01,2010
Dwight Howard\howardw01,2010
Joe Johnson\johnsjo02,2010
Kevin Garnett\garneke01,2010
Chris Bosh\boshch01,2010
Rajon Rondo\rondora01,2010
Gerald Wallace\wallage01,2010
Derrick Rose\rosede01,2010
Al Horford\horfoal01,2010
David Lee\leeda02,2010
Paul Pierce\piercpa01,2010
Carmelo Anthony\anthoca01,2010
Dirk Nowitzki\nowitdi01,2010
Steve Nash\nashst01,2010
Amar'e Stoudemire\stoudam01,2010
Tim Duncan\duncati01,2010
Deron Williams\willide01,2010
Chauncey Billups\billuch01,2010
Pau Gasol\gasolpa01,2010
Kevin Durant\duranke01,2010
Zach Randolph\randoza01,2010
Chris Kaman\kamanch01,2010
Jason Kidd\kiddja01,2010
Kevin Durant\duranke01,2011
Kobe Bryant\bryanko01,2011
Chris Paul\paulch01,2011
Carmelo Anthony\anthoca01,2011
Tim Duncan\duncati01,2011
Pau Gasol\gasolpa01,2011
Manu Gin�bili\ginobma01,2011
Deron Williams\willide01,2011
Blake Griffin\griffbl01,2011
Dirk Nowitzki\nowitdi01,2011
Russell Westbrook\westbru01,2011
Kevin Love\loveke01,2011
LeBron James\jamesle01,2011
Derrick Rose\rosede01,2011
Amar'e Stoudemire\stoudam01,2011
Dwight Howard\howardw01,2011
Dwyane Wade\wadedw01,2011
Chris Bosh\boshch01,2011
Rajon Rondo\rondora01,2011
Joe Johnson\johnsjo02,2011
Ray Allen\allenra02,2011
Paul Pierce\piercpa01,2011
Al Horford\horfoal01,2011
Kevin Garnett\garneke01,2011
Kevin Durant\duranke01,2012
Kobe Bryant\bryanko01,2012
Blake Griffin\griffbl01,2012
Chris Paul\paulch01,2012
Andrew Bynum\bynuman01,2012
Russell Westbrook\westbru01,2012
Kevin Love\loveke01,2012
Dirk Nowitzki\nowitdi01,2012
Marc Gasol\gasolma01,2012
Tony Parker\parketo01,2012
LaMarcus Aldridge\aldrila01,2012
Steve Nash\nashst01,2012
Dwyane Wade\wadedw01,2012
LeBron James\jamesle01,2012
Dwight Howard\howardw01,2012
Carmelo Anthony\anthoca01,2012
Derrick Rose\rosede01,2012
Chris Bosh\boshch01,2012
Deron Williams\willide01,2012
Rajon Rondo\rondora01,2012
Andre Iguodala\iguodan01,2012
Paul Pierce\piercpa01,2012
Roy Hibbert\hibbero01,2012
Joe Johnson\johnsjo02,2012
Luol Deng\denglu01,2012
Kevin Durant\duranke01,2013
Kobe Bryant\bryanko01,2013
Blake Griffin\griffbl01,2013
Chris Paul\paulch01,2013
Dwight Howard\howardw01,2013
James Harden\hardeja01,2013
Tony Parker\parketo01,2013
Russell Westbrook\westbru01,2013
David Lee\leeda02,2013
Zach Randolph\randoza01,2013
LaMarcus Aldridge\aldrila01,2013
Tim Duncan\duncati01,2013
Carmelo Anthony\anthoca01,2013
LeBron James\jamesle01,2013
Dwyane Wade\wadedw01,2013
Chris Bosh\boshch01,2013
Kevin Garnett\garneke01,2013
Kyrie Irving\irvinky01,2013
Paul George\georgpa01,2013
Luol Deng\denglu01,2013
Tyson Chandler\chandty01,2013
Joakim Noah\noahjo01,2013
Jrue Holiday\holidjr01,2013
Brook Lopez\lopezbr01,2013
Rajon Rondo\rondora01,2013
Kyrie Irving\irvinky01,2014
LeBron James\jamesle01,2014
Paul George\georgpa01,2014
Carmelo Anthony\anthoca01,2014
Dwyane Wade\wadedw01,2014
Joakim Noah\noahjo01,2014
John Wall\walljo01,2014
DeMar DeRozan\derozde01,2014
Paul Millsap\millspa01,2014
Roy Hibbert\hibbero01,2014
Chris Bosh\boshch01,2014
Joe Johnson\johnsjo02,2014
Kevin Durant\duranke01,2014
Kevin Love\loveke01,2014
Blake Griffin\griffbl01,2014
Stephen Curry\curryst01,2014
James Harden\hardeja01,2014
Chris Paul\paulch01,2014
Dwight Howard\howardw01,2014
LaMarcus Aldridge\aldrila01,2014
Tony Parker\parketo01,2014
Anthony Davis\davisan02,2014
Damian Lillard\lillada01,2014
Dirk Nowitzki\nowitdi01,2014
Kobe Bryant\bryanko01,2014
Kevin Durant\duranke01,2015
Kevin Love\loveke01,2015
Blake Griffin\griffbl01,2015
Stephen Curry\curryst01,2015
James Harden\hardeja01,2015
Chris Paul\paulch01,2015
Dwight Howard\howardw01,2015
LaMarcus Aldridge\aldrila01,2015
Tony Parker\parketo01,2015
Anthony Davis\davisan02,2015
Damian Lillard\lillada01,2015
Dirk Nowitzki\nowitdi01,2015
LeBron James\jamesle01,2015
Carmelo Anthony\anthoca01,2015
John Wall\walljo01,2015
Pau Gasol\gasolpa01,2015
Kyle Lowry\lowryky01,2015
Kyrie Irving\irvinky01,2015
Kyle Korver\korveky01,2015
Paul Millsap\millspa01,2015
Al Horford\horfoal01,2015
Jeff Teague\teaguje01,2015
Chris Bosh\boshch01,2015
Jimmy Butler\butleji01,2015
Dwyane Wade\wadedw01,2015
Kobe Bryant\bryanko01,2015
Anthony Davis\davisan02,2015
Blake Griffin\griffbl01,2015
Stephen Curry\curryst01,2016
Kobe Bryant\bryanko01,2016
Kawhi Leonard\leonaka01,2016
Kevin Durant\duranke01,2016
Russell Westbrook\westbru01,2016
James Harden\hardeja01,2016
Klay Thompson\thompkl01,2016
Chris Paul\paulch01,2016
Anthony Davis\davisan02,2016
LaMarcus Aldridge\aldrila01,2016
Draymond Green\greendr01,2016
DeMarcus Cousins\couside01,2016
Kyle Lowry\lowryky01,2016
Paul George\georgpa01,2016
Carmelo Anthony\anthoca01,2016
Dwyane Wade\wadedw01,2016
LeBron James\jamesle01,2016
John Wall\walljo01,2016
Paul Millsap\millspa01,2016
Isaiah Thomas\thomais02,2016
DeMar DeRozan\derozde01,2016
Andre Drummond\drumman01,2016
Pau Gasol\gasolpa01,2016
Al Horford\horfoal01,2016
Jimmy Butler\butleji01,2016
Chris Bosh\boshch01,2016
Anthony Davis\davisan02,2017
James Harden\hardeja01,2017
Stephen Curry\curryst01,2017
Kevin Durant\duranke01,2017
Kawhi Leonard\leonaka01,2017
Marc Gasol\gasolma01,2017
Russell Westbrook\westbru01,2017
Klay Thompson\thompkl01,2017
Gordon Hayward\haywago01,2017
Draymond Green\greendr01,2017
DeAndre Jordan\jordade01,2017
DeMarcus Cousins\couside01,2017
DeMar DeRozan\derozde01,2017
Giannis Antetokounmpo\antetgi01,2017
Kyrie Irving\irvinky01,2017
LeBron James\jamesle01,2017
Jimmy Butler\butleji01,2017
Paul George\georgpa01,2017
John Wall\walljo01,2017
Kemba Walker\walkeke02,2017
Carmelo Anthony\anthoca01,2017
Isaiah Thomas\thomais02,2017
Kyle Lowry\lowryky01,2017
Paul Millsap\millspa01,2017
Kevin Love\loveke01,2017
LeBron James\jamesle01,2018
Kevin Durant\duranke01,2018
Russell Westbrook\westbru01,2018
Kyrie Irving\irvinky01,2018
Anthony Davis\davisan02,2018
Paul George\georgpa01,2018
Andre Drummond\drumman01,2018
Bradley Beal\bealbr01,2018
Victor Oladipo\oladivi01,2018
Kemba Walker\walkeke02,2018
LaMarcus Aldridge\aldrila01,2018
Goran Dragić\dragigo01,2018
Jimmy Butler\butleji01,2018
James Harden\hardeja01,2018
DeMar DeRozan\derozde01,2018
Stephen Curry\curryst01,2018
Giannis Antetokounmpo\antetgi01,2018
Joel Embiid\embiijo01,2018
Kyle Lowry\lowryky01,2018
Klay Thompson\thompkl01,2018
Damian Lillard\lillada01,2018
Draymond Green\greendr01,2018
Karl-Anthony Towns\townska01,2018
Al Horford\horfoal01,2018
John Wall\walljo01,2018
Kristaps Porzinigis\porzikr01,2018
Kevin Love\loveke01,2018
DeMarcus Cousins\couside01,2018
LaMarcus Aldridge\aldrila01,2019
James Harden\hardeja01,2019
DeMar DeRozan\derozde01,2019
Stephen Curry\curryst01,2019
Giannis Antetokounmpo\antetgi01,2019
Joel Embiid\embiijo01,2019
Kyle Lowry\lowryky01,2019
Klay Thompson\thompkl01,2019
Damian Lillard\lillada01,2019
Draymond Green\greendr01,2019
Karl-Anthony Towns\townska01,2019
Al Horford\horfoal01,2019
Stephen Curry\curryst01,2019
Giannis Antetokounmpo\antetgi01,2019
Paul George\georgpa01,2019
Joel Embiid\embiijo01,2019
Kemba Walker\walkeke02,2019
Khris Middleton\middlkh01,2019
Blake Griffin\griffbl01,2019
Russell Westbrook\westbru01,2019
Nikola Jokić\jokicni01,2019
Kyle Lowry\lowryky01,2019
D'Angelo Russell\russeda01,2019
Nikola Vučević\vucevni01,2019
Dirk Nowitzki\nowitdi01,2019
Victor Oladipo\oladivi01,2019