,0,Season,Team
0,Nikola Jokić C,2019,1st
1,Giannis Antetokounmpo F,2019,1st
2,Paul George F,2019,1st
3,James Harden G,2019,1st
4,Stephen Curry G,2019,1st
5,Joel Embiid C,2019,2nd
6,Kevin Durant F,2019,2nd
7,Kawhi Leonard F,2019,2nd
8,Damian Lillard G,2019,2nd
9,Kyrie Irving G,2019,2nd
10,Rudy Gobert C,2019,3rd
11,LeBron James F,2019,3rd
12,Blake Griffin F,2019,3rd
13,Kemba Walker G,2019,3rd
14,Russell Westbrook G,2019,3rd
15,Anthony Davis C,2018,1st
16,LeBron James F,2018,1st
17,Kevin Durant F,2018,1st
18,Damian Lillard G,2018,1st
19,James Harden G,2018,1st
20,Joel Embiid C,2018,2nd
21,Giannis Antetokounmpo F,2018,2nd
22,LaMarcus Aldridge F,2018,2nd
23,Russell Westbrook G,2018,2nd
24,DeMar DeRozan G,2018,2nd
25,Karl-Anthony Towns C,2018,3rd
26,Jimmy Butler F,2018,3rd
27,Paul George F,2018,3rd
28,Stephen Curry G,2018,3rd
29,Victor Oladipo G,2018,3rd
30,Anthony Davis C,2017,1st
31,LeBron James F,2017,1st
32,Kawhi Leonard F,2017,1st
33,James Harden G,2017,1st
34,Russell Westbrook G,2017,1st
35,Rudy Gobert C,2017,2nd
36,Giannis Antetokounmpo F,2017,2nd
37,Kevin Durant F,2017,2nd
38,Stephen Curry G,2017,2nd
39,Isaiah Thomas G,2017,2nd
40,DeAndre Jordan C,2017,3rd
41,Draymond Green F,2017,3rd
42,Jimmy Butler F,2017,3rd
43,John Wall G,2017,3rd
44,DeMar DeRozan G,2017,3rd
45,DeAndre Jordan C,2016,1st
46,LeBron James F,2016,1st
47,Kawhi Leonard F,2016,1st
48,Stephen Curry G,2016,1st
49,Russell Westbrook G,2016,1st
50,DeMarcus Cousins C,2016,2nd
51,Kevin Durant F,2016,2nd
52,Draymond Green F,2016,2nd
53,Chris Paul G,2016,2nd
54,Damian Lillard G,2016,2nd
55,Andre Drummond C,2016,3rd
56,Paul George F,2016,3rd
57,LaMarcus Aldridge F,2016,3rd
58,Klay Thompson G,2016,3rd
59,Kyle Lowry G,2016,3rd
60,Marc Gasol C,2015,1st
61,LeBron James F,2015,1st
62,Anthony Davis F,2015,1st
63,Stephen Curry G,2015,1st
64,James Harden G,2015,1st
65,DeMarcus Cousins C,2015,2nd
66,Pau Gasol C,2015,2nd
67,LaMarcus Aldridge F,2015,2nd
68,Russell Westbrook G,2015,2nd
69,Chris Paul G,2015,2nd
70,DeAndre Jordan C,2015,3rd
71,Blake Griffin F,2015,3rd
72,Tim Duncan F,2015,3rd
73,Klay Thompson G,2015,3rd
74,Kyrie Irving G,2015,3rd
75,Joakim Noah C,2014,1st
76,Kevin Durant F,2014,1st
77,LeBron James F,2014,1st
78,James Harden G,2014,1st
79,Chris Paul G,2014,1st
80,Dwight Howard C,2014,2nd
81,Blake Griffin F,2014,2nd
82,Kevin Love F,2014,2nd
83,Stephen Curry G,2014,2nd
84,Tony Parker G,2014,2nd
85,Al Jefferson C,2014,3rd
86,Paul George F,2014,3rd
87,LaMarcus Aldridge F,2014,3rd
88,Goran Dragić G,2014,3rd
89,Damian Lillard G,2014,3rd
90,Tim Duncan C,2013,1st
91,Kevin Durant F,2013,1st
92,LeBron James F,2013,1st
93,Kobe Bryant G,2013,1st
94,Chris Paul G,2013,1st
95,Marc Gasol C,2013,2nd
96,Carmelo Anthony F,2013,2nd
97,Blake Griffin F,2013,2nd
98,Tony Parker G,2013,2nd
99,Russell Westbrook G,2013,2nd
100,Dwight Howard C,2013,3rd
101,Paul George F,2013,3rd
102,David Lee F,2013,3rd
103,James Harden G,2013,3rd
104,Dwyane Wade G,2013,3rd
105,Dwight Howard C,2012,1st
106,Kevin Durant F,2012,1st
107,LeBron James F,2012,1st
108,Kobe Bryant G,2012,1st
109,Chris Paul G,2012,1st
110,Andrew Bynum C,2012,2nd
111,Blake Griffin F,2012,2nd
112,Kevin Love F,2012,2nd
113,Tony Parker G,2012,2nd
114,Russell Westbrook G,2012,2nd
115,Tyson Chandler C,2012,3rd
116,Carmelo Anthony F,2012,3rd
117,Dirk Nowitzki F,2012,3rd
118,Rajon Rondo G,2012,3rd
119,Dwyane Wade G,2012,3rd
120,Dwight Howard C,2011,1st
121,Kevin Durant F,2011,1st
122,LeBron James F,2011,1st
123,Kobe Bryant G,2011,1st
124,Derrick Rose G,2011,1st
125,Amar'e Stoudemire C,2011,2nd
126,Pau Gasol F,2011,2nd
127,Dirk Nowitzki F,2011,2nd
128,Dwyane Wade G,2011,2nd
129,Russell Westbrook G,2011,2nd
130,Al Horford C,2011,3rd
131,LaMarcus Aldridge F,2011,3rd
132,Zach Randolph F,2011,3rd
133,Manu Ginóbili G,2011,3rd
134,Chris Paul G,2011,3rd
135,Dwight Howard C,2010,1st
136,Kevin Durant F,2010,1st
137,LeBron James F,2010,1st
138,Kobe Bryant G,2010,1st
139,Dwyane Wade G,2010,1st
140,Amar'e Stoudemire C,2010,2nd
141,Carmelo Anthony F,2010,2nd
142,Dirk Nowitzki F,2010,2nd
143,Steve Nash G,2010,2nd
144,Deron Williams G,2010,2nd
145,Andrew Bogut C,2010,3rd
146,Tim Duncan F,2010,3rd
147,Pau Gasol F,2010,3rd
148,Joe Johnson G,2010,3rd
149,Brandon Roy G,2010,3rd
150,Dwight Howard C,2009,1st
151,LeBron James F,2009,1st
152,Dirk Nowitzki F,2009,1st
153,Kobe Bryant G,2009,1st
154,Dwyane Wade G,2009,1st
155,Yao Ming C,2009,2nd
156,Tim Duncan F,2009,2nd
157,Paul Pierce F,2009,2nd
158,Chris Paul G,2009,2nd
159,Brandon Roy G,2009,2nd
160,Shaquille O'Neal C,2009,3rd
161,Carmelo Anthony F,2009,3rd
162,Pau Gasol F,2009,3rd
163,Chauncey Billups G,2009,3rd
164,Tony Parker G,2009,3rd
165,Dwight Howard C,2008,1st
166,Kevin Garnett F,2008,1st
167,LeBron James F,2008,1st
168,Kobe Bryant G,2008,1st
169,Chris Paul G,2008,1st
170,Amar'e Stoudemire C,2008,2nd
171,Tim Duncan F,2008,2nd
172,Dirk Nowitzki F,2008,2nd
173,Steve Nash G,2008,2nd
174,Deron Williams G,2008,2nd
175,Yao Ming C,2008,3rd
176,Carlos Boozer F,2008,3rd
177,Paul Pierce F,2008,3rd
178,Manu Ginóbili G,2008,3rd
179,Tracy McGrady G,2008,3rd
180,Amar'e Stoudemire C,2007,1st
181,Tim Duncan F,2007,1st
182,Dirk Nowitzki F,2007,1st
183,Kobe Bryant G,2007,1st
184,Steve Nash G,2007,1st
185,Yao Ming C,2007,2nd
186,Chris Bosh F,2007,2nd
187,LeBron James F,2007,2nd
188,Gilbert Arenas G,2007,2nd
189,Tracy McGrady G,2007,2nd
190,Dwight Howard C,2007,3rd
191,Carmelo Anthony F,2007,3rd
192,Kevin Garnett F,2007,3rd
193,Chauncey Billups G,2007,3rd
194,Dwyane Wade G,2007,3rd
195,Shaquille O'Neal C,2006,1st
196,LeBron James F,2006,1st
197,Dirk Nowitzki F,2006,1st
198,Kobe Bryant G,2006,1st
199,Steve Nash G,2006,1st
200,Ben Wallace C,2006,2nd
201,Elton Brand F,2006,2nd
202,Tim Duncan F,2006,2nd
203,Chauncey Billups G,2006,2nd
204,Dwyane Wade G,2006,2nd
205,Yao Ming C,2006,3rd
206,Carmelo Anthony F,2006,3rd
207,Shawn Marion F,2006,3rd
208,Gilbert Arenas G,2006,3rd
209,Allen Iverson G,2006,3rd
210,Shaquille O'Neal C,2005,1st
211,Tim Duncan F,2005,1st
212,Dirk Nowitzki F,2005,1st
213,Allen Iverson G,2005,1st
214,Steve Nash G,2005,1st
215,Amar'e Stoudemire C,2005,2nd
216,Kevin Garnett F,2005,2nd
217,LeBron James F,2005,2nd
218,Ray Allen G,2005,2nd
219,Dwyane Wade G,2005,2nd
220,Ben Wallace C,2005,3rd
221,Shawn Marion F,2005,3rd
222,Tracy McGrady F,2005,3rd
223,Gilbert Arenas G,2005,3rd
224,Kobe Bryant G,2005,3rd
225,Shaquille O'Neal C,2004,1st
226,Tim Duncan F,2004,1st
227,Kevin Garnett F,2004,1st
228,Kobe Bryant G,2004,1st
229,Jason Kidd G,2004,1st
230,Ben Wallace C,2004,2nd
231,Jermaine O'Neal F,2004,2nd
232,Peja Stojaković F,2004,2nd
233,Sam Cassell G,2004,2nd
234,Tracy McGrady G,2004,2nd
235,Yao Ming C,2004,3rd
236,Metta World Peace F,2004,3rd
237,Dirk Nowitzki F,2004,3rd
238,Baron Davis G,2004,3rd
239,Michael Redd G,2004,3rd
240,Shaquille O'Neal C,2003,1st
241,Tim Duncan F,2003,1st
242,Kevin Garnett F,2003,1st
243,Kobe Bryant G,2003,1st
244,Tracy McGrady G,2003,1st
245,Ben Wallace C,2003,2nd
246,Dirk Nowitzki F,2003,2nd
247,Chris Webber F,2003,2nd
248,Allen Iverson G,2003,2nd
249,Jason Kidd G,2003,2nd
250,Jermaine O'Neal C,2003,3rd
251,Jamal Mashburn F,2003,3rd
252,Paul Pierce F,2003,3rd
253,Stephon Marbury G,2003,3rd
254,Steve Nash G,2003,3rd
255,Shaquille O'Neal C,2002,1st
256,Tim Duncan F,2002,1st
257,Tracy McGrady F,2002,1st
258,Kobe Bryant G,2002,1st
259,Jason Kidd G,2002,1st
260,Dirk Nowitzki C,2002,2nd
261,Kevin Garnett F,2002,2nd
262,Chris Webber F,2002,2nd
263,Allen Iverson G,2002,2nd
264,Gary Payton G,2002,2nd
265,Dikembe Mutombo C,2002,3rd
266,Jermaine O'Neal F,2002,3rd
267,Ben Wallace F,2002,3rd
268,Steve Nash G,2002,3rd
269,Paul Pierce G,2002,3rd
270,Shaquille O'Neal C,2001,1st
271,Tim Duncan F,2001,1st
272,Chris Webber F,2001,1st
273,Allen Iverson G,2001,1st
274,Jason Kidd G,2001,1st
275,Dikembe Mutombo C,2001,2nd
276,Vince Carter F,2001,2nd
277,Kevin Garnett F,2001,2nd
278,Kobe Bryant G,2001,2nd
279,Tracy McGrady G,2001,2nd
280,David Robinson C,2001,3rd
281,Karl Malone F,2001,3rd
282,Dirk Nowitzki F,2001,3rd
283,Ray Allen G,2001,3rd
284,Gary Payton G,2001,3rd
285,Shaquille O'Neal C,2000,1st
286,Tim Duncan F,2000,1st
287,Kevin Garnett F,2000,1st
288,Jason Kidd G,2000,1st
289,Gary Payton G,2000,1st
290,Alonzo Mourning C,2000,2nd
291,Grant Hill F,2000,2nd
292,Karl Malone F,2000,2nd
293,Kobe Bryant G,2000,2nd
294,Allen Iverson G,2000,2nd
295,David Robinson C,2000,3rd
296,Vince Carter F,2000,3rd
297,Chris Webber F,2000,3rd
298,Eddie Jones G,2000,3rd
299,Stephon Marbury G,2000,3rd
300,Alonzo Mourning C,1999,1st
301,Tim Duncan F,1999,1st
302,Karl Malone F,1999,1st
303,Allen Iverson G,1999,1st
304,Jason Kidd G,1999,1st
305,Shaquille O'Neal C,1999,2nd
306,Grant Hill F,1999,2nd
307,Chris Webber F,1999,2nd
308,Tim Hardaway G,1999,2nd
309,Gary Payton G,1999,2nd
310,Hakeem Olajuwon C,1999,3rd
311,Kevin Garnett F,1999,3rd
312,Antonio McDyess F,1999,3rd
313,Kobe Bryant G,1999,3rd
314,John Stockton G,1999,3rd
315,Shaquille O'Neal C,1998,1st
316,Tim Duncan F,1998,1st
317,Karl Malone F,1998,1st
318,Michael Jordan G,1998,1st
319,Gary Payton G,1998,1st
320,David Robinson C,1998,2nd
321,Vin Baker F,1998,2nd
322,Grant Hill F,1998,2nd
323,Tim Hardaway G,1998,2nd
324,Rod Strickland G,1998,2nd
325,Dikembe Mutombo C,1998,3rd
326,Scottie Pippen F,1998,3rd
327,Glen Rice F,1998,3rd
328,Reggie Miller G,1998,3rd
329,Mitch Richmond G,1998,3rd
330,Hakeem Olajuwon C,1997,1st
331,Grant Hill F,1997,1st
332,Karl Malone F,1997,1st
333,Tim Hardaway G,1997,1st
334,Michael Jordan G,1997,1st
335,Patrick Ewing C,1997,2nd
336,Scottie Pippen F,1997,2nd
337,Glen Rice F,1997,2nd
338,Gary Payton G,1997,2nd
339,Mitch Richmond G,1997,2nd
340,Shaquille O'Neal C,1997,3rd
341,Vin Baker F,1997,3rd
342,Anthony Mason F,1997,3rd
343,Anfernee Hardaway G,1997,3rd
344,John Stockton G,1997,3rd
345,David Robinson C,1996,1st
346,Karl Malone F,1996,1st
347,Scottie Pippen F,1996,1st
348,Anfernee Hardaway G,1996,1st
349,Michael Jordan G,1996,1st
350,Hakeem Olajuwon C,1996,2nd
351,Grant Hill F,1996,2nd
352,Shawn Kemp F,1996,2nd
353,Gary Payton G,1996,2nd
354,John Stockton G,1996,2nd
355,Shaquille O'Neal C,1996,3rd
356,Charles Barkley F,1996,3rd
357,Juwan Howard F,1996,3rd
358,Reggie Miller G,1996,3rd
359,Mitch Richmond G,1996,3rd
360,David Robinson C,1995,1st
361,Karl Malone F,1995,1st
362,Scottie Pippen F,1995,1st
363,Anfernee Hardaway G,1995,1st
364,John Stockton G,1995,1st
365,Shaquille O'Neal C,1995,2nd
366,Charles Barkley F,1995,2nd
367,Shawn Kemp F,1995,2nd
368,Gary Payton G,1995,2nd
369,Mitch Richmond G,1995,2nd
370,Hakeem Olajuwon C,1995,3rd
371,Dennis Rodman F,1995,3rd
372,Detlef Schrempf F,1995,3rd
373,Clyde Drexler G,1995,3rd
374,Reggie Miller G,1995,3rd
375,Hakeem Olajuwon C,1994,1st
376,Karl Malone F,1994,1st
377,Scottie Pippen F,1994,1st
378,Latrell Sprewell G,1994,1st
379,John Stockton G,1994,1st
380,David Robinson C,1994,2nd
381,Charles Barkley F,1994,2nd
382,Shawn Kemp F,1994,2nd
383,Kevin Johnson G,1994,2nd
384,Mitch Richmond G,1994,2nd
385,Shaquille O'Neal C,1994,3rd
386,Derrick Coleman F,1994,3rd
387,Dominique Wilkins F,1994,3rd
388,Gary Payton G,1994,3rd
389,Mark Price G,1994,3rd
390,Hakeem Olajuwon C,1993,1st
391,Charles Barkley F,1993,1st
392,Karl Malone F,1993,1st
393,Michael Jordan G,1993,1st
394,Mark Price G,1993,1st
395,Patrick Ewing C,1993,2nd
396,Larry Johnson F,1993,2nd
397,Dominique Wilkins F,1993,2nd
398,Joe Dumars G,1993,2nd
399,John Stockton G,1993,2nd
400,David Robinson C,1993,3rd
401,Derrick Coleman F,1993,3rd
402,Scottie Pippen F,1993,3rd
403,Tim Hardaway G,1993,3rd
404,Dražen Petrović G,1993,3rd
405,David Robinson C,1992,1st
406,Karl Malone F,1992,1st
407,Chris Mullin F,1992,1st
408,Clyde Drexler G,1992,1st
409,Michael Jordan G,1992,1st
410,Patrick Ewing C,1992,2nd
411,Charles Barkley F,1992,2nd
412,Scottie Pippen F,1992,2nd
413,Tim Hardaway G,1992,2nd
414,John Stockton G,1992,2nd
415,Brad Daugherty C,1992,3rd
416,Dennis Rodman F,1992,3rd
417,Kevin Willis F,1992,3rd
418,Kevin Johnson G,1992,3rd
419,Mark Price G,1992,3rd
420,David Robinson C,1991,1st
421,Charles Barkley F,1991,1st
422,Karl Malone F,1991,1st
423,Magic Johnson G,1991,1st
424,Michael Jordan G,1991,1st
425,Patrick Ewing C,1991,2nd
426,Chris Mullin F,1991,2nd
427,Dominique Wilkins F,1991,2nd
428,Clyde Drexler G,1991,2nd
429,Kevin Johnson G,1991,2nd
430,Hakeem Olajuwon C,1991,3rd
431,Bernard King F,1991,3rd
432,James Worthy F,1991,3rd
433,Joe Dumars G,1991,3rd
434,John Stockton G,1991,3rd
435,Patrick Ewing C,1990,1st
436,Charles Barkley F,1990,1st
437,Karl Malone F,1990,1st
438,Magic Johnson G,1990,1st
439,Michael Jordan G,1990,1st
440,Hakeem Olajuwon C,1990,2nd
441,Larry Bird F,1990,2nd
442,Tom Chambers F,1990,2nd
443,Kevin Johnson G,1990,2nd
444,John Stockton G,1990,2nd
445,David Robinson C,1990,3rd
446,Chris Mullin F,1990,3rd
447,James Worthy F,1990,3rd
448,Clyde Drexler G,1990,3rd
449,Joe Dumars G,1990,3rd
450,Hakeem Olajuwon C,1989,1st
451,Charles Barkley F,1989,1st
452,Karl Malone F,1989,1st
453,Magic Johnson G,1989,1st
454,Michael Jordan G,1989,1st
455,Patrick Ewing C,1989,2nd
456,Tom Chambers F,1989,2nd
457,Chris Mullin F,1989,2nd
458,Kevin Johnson G,1989,2nd
459,John Stockton G,1989,2nd
460,Robert Parish C,1989,3rd
461,Terry Cummings F,1989,3rd
462,Dominique Wilkins F,1989,3rd
463,Dale Ellis G,1989,3rd
464,Mark Price G,1989,3rd
465,Hakeem Olajuwon C,1988,1st
466,Charles Barkley F,1988,1st
467,Larry Bird F,1988,1st
468,Magic Johnson G,1988,1st
469,Michael Jordan G,1988,1st
470,Patrick Ewing C,1988,2nd
471,Karl Malone F,1988,2nd
472,Dominique Wilkins F,1988,2nd
473,Clyde Drexler G,1988,2nd
474,John Stockton G,1988,2nd
475,Hakeem Olajuwon C,1987,1st
476,Larry Bird F,1987,1st
477,Kevin McHale F,1987,1st
478,Magic Johnson G,1987,1st
479,Michael Jordan G,1987,1st
480,Moses Malone C,1987,2nd
481,Charles Barkley F,1987,2nd
482,Dominique Wilkins F,1987,2nd
483,Fat Lever G,1987,2nd
484,Isiah Thomas G,1987,2nd
485,Kareem Abdul-Jabbar C,1986,1st
486,Larry Bird F,1986,1st
487,Dominique Wilkins F,1986,1st
488,Magic Johnson G,1986,1st
489,Isiah Thomas G,1986,1st
490,Hakeem Olajuwon C,1986,2nd
491,Charles Barkley F,1986,2nd
492,Alex English F,1986,2nd
493,Sidney Moncrief G,1986,2nd
494,Alvin Robertson G,1986,2nd
495,Moses Malone C,1985,1st
496,Larry Bird F,1985,1st
497,Bernard King F,1985,1st
498,Magic Johnson G,1985,1st
499,Isiah Thomas G,1985,1st
500,Kareem Abdul-Jabbar C,1985,2nd
501,Terry Cummings F,1985,2nd
502,Ralph Sampson F,1985,2nd
503,Michael Jordan G,1985,2nd
504,Sidney Moncrief G,1985,2nd
505,Kareem Abdul-Jabbar C,1984,1st
506,Larry Bird F,1984,1st
507,Bernard King F,1984,1st
508,Magic Johnson G,1984,1st
509,Isiah Thomas G,1984,1st
510,Moses Malone C,1984,2nd
511,Adrian Dantley F,1984,2nd
512,Julius Erving F,1984,2nd
513,Sidney Moncrief G,1984,2nd
514,Jim Paxson G,1984,2nd
515,Moses Malone C,1983,1st
516,Larry Bird F,1983,1st
517,Julius Erving F,1983,1st
518,Magic Johnson G,1983,1st
519,Sidney Moncrief G,1983,1st
520,Kareem Abdul-Jabbar C,1983,2nd
521,Alex English F,1983,2nd
522,Buck Williams F,1983,2nd
523,George Gervin G,1983,2nd
524,Isiah Thomas G,1983,2nd
525,Moses Malone C,1982,1st
526,Larry Bird F,1982,1st
527,Julius Erving F,1982,1st
528,George Gervin G,1982,1st
529,Gus Williams G,1982,1st
530,Robert Parish C,1982,2nd
531,Alex English F,1982,2nd
532,Bernard King F,1982,2nd
533,Magic Johnson G,1982,2nd
534,Sidney Moncrief G,1982,2nd
535,Kareem Abdul-Jabbar C,1981,1st
536,Larry Bird F,1981,1st
537,Julius Erving F,1981,1st
538,George Gervin G,1981,1st
539,Dennis Johnson G,1981,1st
540,Moses Malone C,1981,2nd
541,Adrian Dantley F,1981,2nd
542,Marques Johnson F,1981,2nd
543,Tiny Archibald G,1981,2nd
544,Otis Birdsong G,1981,2nd
545,Kareem Abdul-Jabbar C,1980,1st
546,Larry Bird F,1980,1st
547,Julius Erving F,1980,1st
548,George Gervin G,1980,1st
549,Paul Westphal G,1980,1st
550,Moses Malone C,1980,2nd
551,Marques Johnson F,1980,2nd
552,Dan Roundfield F,1980,2nd
553,Dennis Johnson G,1980,2nd
554,Gus Williams G,1980,2nd
555,Moses Malone C,1979,1st
556,Elvin Hayes F,1979,1st
557,Marques Johnson F,1979,1st
558,George Gervin G,1979,1st
559,Paul Westphal G,1979,1st
560,Kareem Abdul-Jabbar C,1979,2nd
561,Bob Dandridge F,1979,2nd
562,Walter Davis F,1979,2nd
563,Phil Ford G,1979,2nd
564,World B. Free G,1979,2nd
565,Bill Walton C,1978,1st
566,Julius Erving F,1978,1st
567,Truck Robinson F,1978,1st
568,George Gervin G,1978,1st
569,David Thompson G,1978,1st
570,Kareem Abdul-Jabbar C,1978,2nd
571,Walter Davis F,1978,2nd
572,Maurice Lucas F,1978,2nd
573,Pete Maravich G,1978,2nd
574,Paul Westphal G,1978,2nd
575,Kareem Abdul-Jabbar C,1977,1st
576,Elvin Hayes F,1977,1st
577,David Thompson F,1977,1st
578,Pete Maravich G,1977,1st
579,Paul Westphal G,1977,1st
580,Bill Walton C,1977,2nd
581,Julius Erving F,1977,2nd
582,George McGinnis F,1977,2nd
583,George Gervin G,1977,2nd
584,Jo Jo White G,1977,2nd
585,Kareem Abdul-Jabbar C,1976,1st
586,Rick Barry F,1976,1st
587,George McGinnis F,1976,1st
588,Tiny Archibald G,1976,1st
589,Pete Maravich G,1976,1st
590,Dave Cowens C,1976,2nd
591,John Havlicek F,1976,2nd
592,Elvin Hayes F,1976,2nd
593,Phil Smith G,1976,2nd
594,Randy Smith G,1976,2nd
595,Bob McAdoo C,1975,1st
596,Rick Barry F,1975,1st
597,Elvin Hayes F,1975,1st
598,Tiny Archibald G,1975,1st
599,Walt Frazier G,1975,1st
600,Dave Cowens C,1975,2nd
601,John Havlicek F,1975,2nd
602,Spencer Haywood F,1975,2nd
603,Phil Chenier G,1975,2nd
604,Jo Jo White G,1975,2nd
605,Kareem Abdul-Jabbar C,1974,1st
606,Rick Barry F,1974,1st
607,John Havlicek F,1974,1st
608,Walt Frazier G,1974,1st
609,Gail Goodrich G,1974,1st
610,Bob McAdoo C,1974,2nd
611,Elvin Hayes F,1974,2nd
612,Spencer Haywood F,1974,2nd
613,Dave Bing G,1974,2nd
614,Norm Van Lier G,1974,2nd
615,Kareem Abdul-Jabbar C,1973,1st
616,John Havlicek F,1973,1st
617,Spencer Haywood F,1973,1st
618,Tiny Archibald G,1973,1st
619,Jerry West G,1973,1st
620,Dave Cowens C,1973,2nd
621,Rick Barry F,1973,2nd
622,Elvin Hayes F,1973,2nd
623,Walt Frazier G,1973,2nd
624,Pete Maravich G,1973,2nd
625,Kareem Abdul-Jabbar C,1972,1st
626,John Havlicek F,1972,1st
627,Spencer Haywood F,1972,1st
628,Walt Frazier G,1972,1st
629,Jerry West G,1972,1st
630,Wilt Chamberlain C,1972,2nd
631,Billy Cunningham F,1972,2nd
632,Bob Love F,1972,2nd
633,Tiny Archibald G,1972,2nd
634,Archie Clark G,1972,2nd
635,Kareem Abdul-Jabbar C,1971,1st
636,Billy Cunningham F,1971,1st
637,John Havlicek F,1971,1st
638,Dave Bing G,1971,1st
639,Jerry West G,1971,1st
640,Willis Reed C,1971,2nd
641,Gus Johnson F,1971,2nd
642,Bob Love F,1971,2nd
643,Walt Frazier G,1971,2nd
644,Oscar Robertson G,1971,2nd
645,Willis Reed C,1970,1st
646,Billy Cunningham F,1970,1st
647,Connie Hawkins F,1970,1st
648,Walt Frazier G,1970,1st
649,Jerry West G,1970,1st
650,Kareem Abdul-Jabbar C,1970,2nd
651,John Havlicek F,1970,2nd
652,Gus Johnson F,1970,2nd
653,Lou Hudson G,1970,2nd
654,Oscar Robertson G,1970,2nd
655,Wes Unseld C,1969,1st
656,Elgin Baylor F,1969,1st
657,Billy Cunningham F,1969,1st
658,Earl Monroe G,1969,1st
659,Oscar Robertson G,1969,1st
660,Willis Reed C,1969,2nd
661,Dave DeBusschere F,1969,2nd
662,John Havlicek F,1969,2nd
663,Hal Greer G,1969,2nd
664,Jerry West G,1969,2nd
665,Wilt Chamberlain C,1968,1st
666,Elgin Baylor F,1968,1st
667,Jerry Lucas F,1968,1st
668,Dave Bing G,1968,1st
669,Oscar Robertson G,1968,1st
670,Bill Russell C,1968,2nd
671,John Havlicek F,1968,2nd
672,Willis Reed F,1968,2nd
673,Hal Greer G,1968,2nd
674,Jerry West G,1968,2nd
675,Wilt Chamberlain C,1967,1st
676,Rick Barry F,1967,1st
677,Elgin Baylor F,1967,1st
678,Oscar Robertson G,1967,1st
679,Jerry West G,1967,1st
680,Bill Russell C,1967,2nd
681,Jerry Lucas F,1967,2nd
682,Willis Reed F,1967,2nd
683,Hal Greer G,1967,2nd
684,Sam Jones G,1967,2nd
685,Wilt Chamberlain C,1966,1st
686,Rick Barry F,1966,1st
687,Jerry Lucas F,1966,1st
688,Oscar Robertson G,1966,1st
689,Jerry West G,1966,1st
690,Bill Russell C,1966,2nd
691,John Havlicek F,1966,2nd
692,Gus Johnson F,1966,2nd
693,Hal Greer G,1966,2nd
694,Sam Jones G,1966,2nd
695,Bill Russell C,1965,1st
696,Elgin Baylor F,1965,1st
697,Jerry Lucas F,1965,1st
698,Oscar Robertson G,1965,1st
699,Jerry West G,1965,1st
700,Wilt Chamberlain C,1965,2nd
701,Gus Johnson F,1965,2nd
702,Bob Pettit F,1965,2nd
703,Hal Greer G,1965,2nd
704,Sam Jones G,1965,2nd
705,Wilt Chamberlain C,1964,1st
706,Elgin Baylor F,1964,1st
707,Bob Pettit F,1964,1st
708,Oscar Robertson G,1964,1st
709,Jerry West G,1964,1st
710,Bill Russell C,1964,2nd
711,Tom Heinsohn F,1964,2nd
712,Jerry Lucas F,1964,2nd
713,Hal Greer G,1964,2nd
714,John Havlicek G,1964,2nd
715,Bill Russell C,1963,1st
716,Elgin Baylor F,1963,1st
717,Bob Pettit F,1963,1st
718,Oscar Robertson G,1963,1st
719,Jerry West G,1963,1st
720,Wilt Chamberlain C,1963,2nd
721,Tom Heinsohn F,1963,2nd
722,Bailey Howell F,1963,2nd
723,Bob Cousy G,1963,2nd
724,Hal Greer G,1963,2nd
725,Wilt Chamberlain C,1962,1st
726,Elgin Baylor F,1962,1st
727,Bob Pettit F,1962,1st
728,Oscar Robertson G,1962,1st
729,Jerry West G,1962,1st
730,Bill Russell C,1962,2nd
731,Tom Heinsohn F,1962,2nd
732,Jack Twyman F,1962,2nd
733,Bob Cousy G,1962,2nd
734,Richie Guerin G,1962,2nd
735,Wilt Chamberlain C,1961,1st
736,Elgin Baylor F,1961,1st
737,Bob Pettit F,1961,1st
738,Bob Cousy G,1961,1st
739,Oscar Robertson G,1961,1st
740,Bill Russell C,1961,2nd
741,Tom Heinsohn F,1961,2nd
742,Dolph Schayes F,1961,2nd
743,Larry Costello G,1961,2nd
744,Gene Shue G,1961,2nd
745,Wilt Chamberlain C,1960,1st
746,Elgin Baylor F,1960,1st
747,Bob Pettit F,1960,1st
748,Bob Cousy G,1960,1st
749,Gene Shue G,1960,1st
750,Bill Russell C,1960,2nd
751,Dolph Schayes F,1960,2nd
752,Jack Twyman F,1960,2nd
753,Richie Guerin G,1960,2nd
754,Bill Sharman G,1960,2nd
755,Bill Russell C,1959,1st
756,Elgin Baylor F,1959,1st
757,Bob Pettit F,1959,1st
758,Bob Cousy G,1959,1st
759,Bill Sharman G,1959,1st
760,Dolph Schayes C,1959,2nd
761,Paul Arizin F,1959,2nd
762,Cliff Hagan F,1959,2nd
763,Richie Guerin G,1959,2nd
764,Slater Martin G,1959,2nd
765,Bob Pettit C,1958,1st
766,Dolph Schayes F,1958,1st
767,George Yardley F,1958,1st
768,Bob Cousy G,1958,1st
769,Bill Sharman G,1958,1st
770,Bill Russell C,1958,2nd
771,Cliff Hagan F,1958,2nd
772,Maurice Stokes F,1958,2nd
773,Tom Gola G,1958,2nd
774,Slater Martin G,1958,2nd
775,Bob Pettit C,1957,1st
776,Paul Arizin F,1957,1st
777,Dolph Schayes F,1957,1st
778,Bob Cousy G,1957,1st
779,Bill Sharman G,1957,1st
780,Neil Johnston C,1957,2nd
781,Maurice Stokes F,1957,2nd
782,George Yardley F,1957,2nd
783,Dick Garmaker G,1957,2nd
784,Slater Martin G,1957,2nd
785,Neil Johnston C,1956,1st
786,Paul Arizin F,1956,1st
787,Bob Pettit F,1956,1st
788,Bob Cousy G,1956,1st
789,Bill Sharman G,1956,1st
790,Clyde Lovellette C,1956,2nd
791,Dolph Schayes F,1956,2nd
792,Maurice Stokes F,1956,2nd
793,Jack George G,1956,2nd
794,Slater Martin G,1956,2nd
795,Bob Cousy,1955,1st
796,Larry Foust,1955,1st
797,Neil Johnston,1955,1st
798,Bob Pettit,1955,1st
799,Dolph Schayes,1955,1st
800,Harry Gallatin,1955,2nd
801,Slater Martin,1955,2nd
802,Vern Mikkelsen,1955,2nd
803,Paul Seymour,1955,2nd
804,Bill Sharman,1955,2nd
805,Bob Cousy,1954,1st
806,Harry Gallatin,1954,1st
807,Neil Johnston,1954,1st
808,George Mikan,1954,1st
809,Dolph Schayes,1954,1st
810,Carl Braun,1954,2nd
811,Ed Macauley,1954,2nd
812,Jim Pollard,1954,2nd
813,Paul Seymour,1954,2nd
814,Bobby Wanzer,1954,2nd
815,Bob Cousy,1953,1st
816,Neil Johnston,1953,1st
817,Ed Macauley,1953,1st
818,George Mikan,1953,1st
819,Dolph Schayes,1953,1st
820,Bob Davies,1953,2nd
821,Vern Mikkelsen,1953,2nd
822,Andy Phillip,1953,2nd
823,Bill Sharman,1953,2nd
824,Bobby Wanzer,1953,2nd
825,Paul Arizin,1952,1st
826,Bob Cousy,1952,1st
827,Ed Macauley,1952,1st
828,George Mikan,1952,1st
829,Bob Davies  Dolph Schayes (T),1952,1st
830,Larry Foust,1952,2nd
831,Vern Mikkelsen,1952,2nd
832,Andy Phillip,1952,2nd
833,Jim Pollard,1952,2nd
834,Bobby Wanzer,1952,2nd
835,Ralph Beard,1951,1st
836,Bob Davies,1951,1st
837,Alex Groza,1951,1st
838,Ed Macauley,1951,1st
839,George Mikan,1951,1st
840,Frankie Brian,1951,2nd
841,Joe Fulks,1951,2nd
842,Dick McGuire,1951,2nd
843,Vern Mikkelsen,1951,2nd
844,Dolph Schayes,1951,2nd
845,Bob Davies,1950,1st
846,Alex Groza,1950,1st
847,George Mikan,1950,1st
848,Jim Pollard,1950,1st
849,Max Zaslofsky,1950,1st
850,Ralph Beard,1950,2nd
851,Frankie Brian,1950,2nd
852,Al Cervi,1950,2nd
853,Fred Schaus,1950,2nd
854,Dolph Schayes,1950,2nd
